carbonization_temperature_C,d002_nm,id_ig,ssa_m2_g,electrolyte_type,current_density_mA_g,ice,lce
900.0,0.387,1.11,209.3,1,20.0,0.621,0.49379487685105233
1000.0,0.385,1.23,571.7,1,20.0,0.6409999999999999,0.5797070684323907
1100.0,0.382,1.17,33.03,1,20.0,0.7240000000000001,0.9643905266685667
1200.0,0.38,1.16,167.3,1,20.0,0.664,0.6811709895132297
1100.0,0.382,1.16,46.3,1,20.0,0.721,0.9494273554635833
1100.0,0.38,2.63,231.1,1,20.0,0.636,0.5580446957033814
1300.0,0.375,2.02,240.6,1,20.0,0.682,0.7629782750632855
1100.0,0.388,2.97,29.2,1,20.0,0.695,0.8236000689573804
1300.0,0.378,2.39,34.5,1,20.0,0.746,1.0773913331852243
1400.0,0.37,0.87,280.0,1,20.0,0.611,0.45151761555314895
1400.0,0.38,1.04,0.7,1,20.0,0.757,1.1363018100969002
1500.0,0.372,1.856,10.8,1,20.0,0.7659999999999999,1.1858610543828894
1500.0,0.376,1.772,7.7,1,20.0,0.779,1.2598483443529955
1500.0,0.383,1.764,8.7,1,20.0,0.748,1.087973890463054
1500.0,0.389,1.755,11.1,1,20.0,0.7559999999999999,1.1308731508863306
1400.0,0.383,1.116,3.5726,1,50.0,0.823,1.5368064681032403
1400.0,0.393,1.057,4.6857,1,50.0,0.84,1.6582280766035322
1400.0,0.378,1.012,4.4029,1,50.0,0.7879999999999999,1.312911815185866
1200.0,0.372,0.95,5.51,0,50.0,0.6679999999999999,0.6991532046201568
1200.0,0.364,1.43,0.404,0,50.0,0.6801999999999999,0.7546910721732408
1200.0,0.365,1.17,0.739,0,50.0,0.6742,0.7272431066320156
800.0,0.355,1.62,294.5,1,200.0,0.485,-0.06001800972625304
650.0,0.365,2.18,1529.1,0,100.0,0.147,-1.7583269607129428
750.0,0.378,1.29,1752.0,0,100.0,0.331,-0.7036656847511655
750.0,0.391,2.04,706.0,0,100.0,0.42100000000000004,-0.3186696438906137
1200.0,0.41,2.69,14.5,1,30.0,0.71,0.8953840470548413
1400.0,0.37,1.99,8.6,1,30.0,0.87,1.900958761193047
1400.0,0.363,1.49,14.3,0,20.0,0.8420000000000001,1.6731849812153605
1400.0,0.371,1.62,26.3,0,20.0,0.84,1.6582280766035322
1400.0,0.37,1.54,6.8,0,20.0,0.847,1.7112627732596188
1500.0,0.378,1.61,12.1,0,37.2,0.87,1.900958761193047
1500.0,0.375,1.64,6.0,0,37.2,0.8029999999999999,1.4051509852087727
1500.0,0.373,1.59,2.4,0,37.2,0.86,1.815289966638249
1500.0,0.377,1.63,2.4,0,37.2,0.8859999999999999,2.0505185022105845
1500.0,0.379,1.62,14.7,0,37.2,0.858,1.7987770418867015
1100.0,0.36,1.78,9.8,0,25.0,0.6834,0.7694411922342798
1100.0,0.404,2.58,8.44,0,30.0,0.679,0.7491800044286804
1300.0,0.397,2.39,7.12,0,30.0,0.7140000000000001,0.9148911515197322
1100.0,0.372,1.24,3.88,0,15.0,0.6729,0.7213307956499344
700.0,0.381,3.38,1.08,1,30.0,0.5334,0.13379925216058425
1100.0,0.374,2.66,1.87,1,30.0,0.7913,1.3327793485319925
1500.0,0.358,1.63,4.49,1,30.0,0.7907,1.329149999624927
1200.0,0.385,2.27,4.71,0,30.0,0.816,1.489478597355121
1200.0,0.399,1.15,17.84,0,50.0,0.647,0.6058782375676038
1200.0,0.393,1.05,6.9148,0,50.0,0.8109999999999999,1.4565210390557701
800.0,0.39,2.11,468.0,1,100.0,0.47100000000000003,-0.11613033784188144
600.0,0.42,1.55,21.15,0,100.0,0.507,0.028001829548493135
1400.0,0.389,1.408,3.37,1,50.0,0.826,1.5575394743064488
900.0,0.3749,1.71,479.0,0,15.0,0.48200000000000004,-0.07203112820888273
1100.0,0.3744,1.77,277.0,0,15.0,0.7090000000000001,0.8905322593606353
1300.0,0.3777,1.44,1.6,0,15.0,0.815,1.4828322881625375
1400.0,0.3715,1.599,29.4,0,15.0,0.743,1.0616199598225393
1500.0,0.3715,1.99,2.85,0,15.0,0.88,1.9924301646902063
1600.0,0.3675,2.05,16.15,0,15.0,0.816,1.489478597355121
800.0,0.381,1.09,547.6,1,100.0,0.43,-0.2818511521409879
700.0,0.399,2.886,1623.2,1,20.0,0.22699999999999998,-1.2253290311060194
1100.0,0.3814,1.68,66.996,0,20.0,0.6478,0.6093828106751233
1300.0,0.3796,1.53,35.526,0,20.0,0.7288,0.9885427898795082
1400.0,0.364,1.235,69.0,1,50.0,0.816,1.489478597355121
1400.0,0.362,1.224,68.2,1,50.0,0.826,1.5575394743064488
1100.0,0.387,2.1,29.32,0,30.0,0.66,0.6632942174102643
1200.0,0.38,2.1,2.3,0,30.0,0.8640000000000001,1.8489178830680046
700.0,0.37,1.02,161.2,0,100.0,0.552,0.20875481386211037
800.0,0.39,1.03,189.7,0,100.0,0.513,0.05201172208817976
900.0,0.41,1.05,192.8,0,100.0,0.5379999999999999,0.15229366908004516
700.0,0.3863,1.53,290.0,0,25.0,0.5,0.0
900.0,0.3809,1.42,255.0,0,25.0,0.57,0.2818511521409875
1100.0,0.3706,1.38,90.0,0,25.0,0.62,0.4895482253187058
1200.0,0.38,1.05,63.9,0,50.0,0.69,0.8001193001121129
1000.0,0.41,0.88,382.0,0,30.0,0.6288,0.5270722402029514
1300.0,0.393,0.99,10.0,0,30.0,0.8412000000000001,1.6671838950155098
1500.0,0.383,1.1,11.0,0,30.0,0.8690000000000001,1.8921458020642414
1700.0,0.363,1.13,7.0,0,30.0,0.7924,1.3394531635326623
1900.0,0.355,1.18,7.0,0,30.0,0.7006,0.8501566387778585
800.0,0.359,2.32,108.0,0,50.0,0.5315,0.1261670961035256
1200.0,0.348,1.63,100.7,0,30.0,0.733,1.0098970434864019
1200.0,0.381,1.89,49.1,0,30.0,0.762,1.1636758820151716
1200.0,0.394,1.91,4.8,0,30.0,0.779,1.2598483443529955
1200.0,0.374,1.85,29.6,0,30.0,0.7440000000000001,1.06686359035353
1100.0,0.408,2.14,13.0,0,30.0,0.755,1.1254595387042978
1300.0,0.379,1.87,4.2,0,30.0,0.804,1.4114846099484495
700.0,0.384,1.04,1041.2,0,100.0,0.33270000000000005,-0.6959985368851297
1000.0,0.403,2.11,393.84,0,30.0,0.5256000000000001,0.10248961948688536
800.0,0.37,1.09,477.838,0,25.0,0.354,-0.6015025906488274
800.0,0.38,1.06,449.073,0,25.0,0.3697,-0.5335040305764784
800.0,0.38,1.17,282.87,0,25.0,0.5044,0.017600454335776856
800.0,0.38,1.09,505.317,0,25.0,0.3765,-0.5044307178801427
900.0,0.392,1.02,55.8,0,100.0,0.433,-0.2696215757252622
800.0,0.391,0.96,75.7,1,100.0,0.63,0.5322168137473082
900.0,0.364,1.1,491.0,1,50.0,0.5115999999999999,0.046408327468137854
1200.0,0.377,0.98,341.0,1,50.0,0.654,0.6366685763994745
1200.0,0.346,0.98,169.52,0,30.0,0.599,0.4013001708088801
1200.0,0.386,1.75,5.95,0,30.0,0.853,1.7583269607129426
1200.0,0.374,1.49,4.6,0,30.0,0.797,1.367648699748428
1500.0,0.367,1.42,11.2,0,7.44,0.83,1.5856272637403817
1500.0,0.373,1.55,8.5,0,7.44,0.85,1.7346010553881064
1500.0,0.375,1.54,6.0,0,7.44,0.85,1.7346010553881064
1600.0,0.37,1.44,8.2,0,7.44,0.88,1.9924301646902063
800.0,0.394,0.957,305.051,1,100.0,0.521,0.08404944434245186
800.0,0.416,0.976,46.269,1,100.0,0.581,0.32687983692977335
1000.0,0.373,2.7,49.6,0,100.0,0.64,0.5753641449035619
1400.0,0.418,1.48,3.63,1,30.0,0.727,0.9794546823485596
1400.0,0.42,1.74,1.47,1,30.0,0.8340000000000001,1.6142456140022041
1400.0,0.419,1.43,2.93,1,30.0,0.789,1.318908187369808
1400.0,0.417,1.4,4.34,1,30.0,0.7709999999999999,1.2139663700090892
1400.0,0.374,1.175,52.1,0,20.0,0.8109999999999999,1.4565210390557701
1400.0,0.382,1.18,15.3,0,20.0,0.9009999999999999,2.208385407473747
1400.0,0.398,1.198,10.8,0,20.0,0.894,2.1322666810614472
900.0,0.375,2.21,195.7,0,100.0,0.547,0.18855667693894732
900.0,0.392,2.89,181.3,0,100.0,0.623,0.5023013313394424
1200.0,0.382,2.28,17.4,0,100.0,0.684,0.7722157040356386
1800.0,0.365,0.75,13.0,1,20.0,0.805,1.4178427188548168
1200.0,0.393,1.09,5.0,1,20.0,0.76,1.1526795099383855
1400.0,0.371,0.94,2.0,1,20.0,0.89,2.0907410969337694
800.0,0.39,3.11,252.3,0,30.0,0.615,0.4683789335187336
1000.0,0.385,2.94,84.6,0,30.0,0.757,1.1363018100969002
1200.0,0.383,2.35,6.7,0,30.0,0.755,1.1254595387042978
1400.0,0.379,1.98,3.3,0,30.0,0.8340000000000001,1.6142456140022041
1600.0,0.371,1.8,1.9,0,30.0,0.838,1.6434217652496987
800.0,0.368,1.084,239.89,1,10.0,0.48100000000000004,-0.07603661306012723
2000.0,0.343,1.306,17.7,1,10.0,0.629,0.5279291940930054
800.0,0.376,1.102,138.47,1,10.0,0.527,0.10810516004942952
1000.0,0.354,0.94,131.24,1,100.0,0.5760000000000001,0.30637420546393374
1190.0,0.376,0.96,296.17,1,50.0,0.6596,0.6615121939862246
1000.0,0.402,1.18,325.0,1,30.0,0.66,0.6632942174102643
1200.0,0.397,1.15,103.0,1,30.0,0.74,1.0459685551826876
1400.0,0.39,1.16,46.0,1,30.0,0.8,1.3862943611198908
1400.0,0.388,1.05,29.0,1,30.0,0.76,1.1526795099383855
1100.0,0.411,1.664,15.611,0,100.0,0.5710000000000001,0.2859322907279935
1200.0,0.367,1.85,115.9,0,30.0,0.682,0.7629782750632855
1200.0,0.379,1.89,70.2,0,30.0,0.741,1.051172563596549
1200.0,0.384,1.96,30.0,0,30.0,0.784,1.289130612666243
1200.0,0.401,2.2,47.3,0,30.0,0.743,1.0616199598225393
1400.0,0.372,1.63,22.551,0,20.0,0.7662,1.1869771832285805
1400.0,0.377,1.51,27.9862,0,20.0,0.8067,1.4287084657286433
1400.0,0.379,1.59,37.2031,0,20.0,0.7775,1.251156542447094
1400.0,0.381,1.71,51.9868,0,20.0,0.7447,1.0705421284691619
1400.0,0.378,1.81,78.4585,0,20.0,0.7639,1.1741814464558469
1100.0,0.376,1.1,9.068,1,50.0,0.5991,0.40171650944141785
1300.0,0.365,1.03,4.729,1,50.0,0.7059000000000001,0.8755537388414776
800.0,0.396,2.89,583.0,0,30.0,0.45,-0.20067069546215124
1000.0,0.379,2.64,205.0,0,30.0,0.66,0.6632942174102643
1300.0,0.38,1.04,90.75,1,50.0,0.73,0.9946225751440619
1000.0,0.393,2.09,329.0,1,50.0,0.654,0.6366685763994745
1000.0,0.389,2.03,478.4,1,50.0,0.5579999999999999,0.2330490803036126
1000.0,0.364,2.01,13.3,1,50.0,0.703,0.861624753007965
800.0,0.38,0.63,1079.88,0,100.0,0.40049999999999997,-0.40338220795915514
900.0,0.399,0.89,578.2,0,50.0,0.3629,-0.5627993149034178
900.0,0.399,0.95,352.7,0,50.0,0.5405,0.16235569528352117
1000.0,0.382,1.37,38.0,0,30.0,0.73,0.9946225751440619
1500.0,0.373,1.52,13.0,0,30.0,0.9,2.1972245773362196
1400.0,0.382,2.3,161.2,1,100.0,0.64,0.5753641449035619
1400.0,0.384,2.2,53.0,1,100.0,0.69,0.8001193001121129
1400.0,0.373,1.93,64.2,1,100.0,0.65,0.6190392084062236
1400.0,0.383,2.44,30.4,1,100.0,0.7,0.8472978603872034
1500.0,0.372,1.15,24.0,0,20.0,0.779,1.2598483443529955
1500.0,0.371,1.24,82.0,0,20.0,0.797,1.367648699748428
1100.0,0.393,2.3,187.5,1,100.0,0.727,0.9794546823485596
1500.0,0.363,1.72,46.6,1,100.0,0.718,0.9345624981101105
600.0,0.377,0.88,690.0,0,100.0,0.496,-0.01600034134644119
600.0,0.363,0.84,468.0,0,100.0,0.442,-0.2330490803036129
1300.0,0.3637,1.9,105.0,0,25.0,0.72,0.9444616088408513
1300.0,0.3604,1.9,2.5,0,25.0,0.85,1.7346010553881064
1300.0,0.362,1.8,0.1,0,25.0,0.89,2.0907410969337694
1300.0,0.3638,1.8,6.0,0,25.0,0.84,1.6582280766035322
1300.0,0.3623,1.9,8.0,0,25.0,0.75,1.0986122886681098
900.0,0.387,1.24,3.0,0,20.0,0.68,0.7537718023763803
1100.0,0.381,1.18,3.8,0,20.0,0.7,0.8472978603872034
1300.0,0.375,1.11,1.42,0,20.0,0.75,1.0986122886681098
900.0,0.367,1.005,556.96,1,100.0,0.3768,-0.5031529518543305
850.0,0.391,1.38,137.83,0,50.0,0.5589999999999999,0.23710459770825298
950.0,0.37,1.28,222.89,0,50.0,0.518,0.07203112820888292
700.0,0.424,0.95,1271.0,0,74.4,0.247,-1.1146768911719165
800.0,0.3736,2.09,494.6238,1,50.0,0.3987,-0.41088472365821355
900.0,0.3711,2.0,445.9053,1,50.0,0.5144,0.057615933178121005
1000.0,0.377,1.95,435.3239,1,50.0,0.6134000000000001,0.4616266849059209
1300.0,0.3783,1.76,22.98,1,50.0,0.7170000000000001,0.9296289429563832
1300.0,0.3914,1.72,48.9072,1,50.0,0.7763,1.2442331749155506
1500.0,0.379,1.7,58.4125,1,50.0,0.722,0.9544040252021891
600.0,0.386,1.36,394.0,1,100.0,0.49,-0.04000533461369925
1000.0,0.374,1.32,356.0,1,100.0,0.67,0.708185057924486
1300.0,0.368,1.28,41.0,1,100.0,0.69,0.8001193001121129
1300.0,0.363,1.25,28.0,1,100.0,0.69,0.8001193001121129
700.0,0.403,2.1,352.06,0,30.0,0.565,0.26147970005775656
900.0,0.399,2.01,131.8,0,30.0,0.677,0.7400189496896188
1100.0,0.394,1.77,18.74,0,30.0,0.816,1.489478597355121
1400.0,0.386,1.54,6.64,0,30.0,0.8909999999999999,2.1009965452416646
800.0,0.375,1.76,211.0,1,50.0,0.614,0.4641575586823115
800.0,0.47,1.08,435.34,0,100.0,0.385,-0.46837893351873355
1400.0,0.377,1.956,1.82,0,30.0,0.904,2.2424811689243405
1400.0,0.388,2.132,5.65,0,30.0,0.8009999999999999,1.3925561223438665
1400.0,0.38,2.058,4.78,0,30.0,0.84,1.6582280766035322
1400.0,0.37,1.925,4.07,0,30.0,0.862,1.8320015855064884
1000.0,0.377,1.57,273.2,0,20.0,0.551,0.20471192141066033
1100.0,0.374,2.26,48.19,0,100.0,0.698,0.8377920853875026
800.0,0.379,3.38,210.9,0,30.0,0.66,0.6632942174102643
800.0,0.367,3.57,516.0,0,30.0,0.52,0.08004270767353656
1200.0,0.388,1.904761905,2.49,0,30.0,0.8,1.3862943611198908
1200.0,0.382,1.869158879,1.09,0,30.0,0.818,1.5028556495259513
1200.0,0.377,1.848428835,1.48,0,30.0,0.8290000000000001,1.5785565986326358
1200.0,0.361,1.63132137,4.93,0,30.0,0.764,1.1747359841409104
1200.0,0.345,1.592356688,169.52,0,30.0,0.599,0.4013001708088801
600.0,0.382,2.74,301.0,1,100.0,0.6042000000000001,0.42299623578410656
1300.0,0.37,1.62,101.0,1,100.0,0.6655,0.6879017582668832
1000.0,0.379,2.04,73.38,1,50.0,0.6242,0.5074137428573141
1100.0,0.376,1.79,64.15,1,50.0,0.6908,0.8038620295592565
800.0,0.385,1.11,12.98,0,50.0,0.66,0.6632942174102643
800.0,0.361,1.01,12.41,0,50.0,0.653,0.632252349329572
700.0,0.48,0.95,498.23,0,20.0,0.358,-0.584055317289261
900.0,0.399,1.79,645.0,0,100.0,0.428,-0.2900157957980013
1100.0,0.381,1.64,547.0,0,100.0,0.475,-0.10008345855698265
1000.0,0.372,1.04,40.0,0,100.0,0.64,0.5753641449035619
1000.0,0.364,1.08,60.0,0,100.0,0.54,0.16034265007517948
1000.0,0.36,1.06,655.0,0,100.0,0.37,-0.5322168137473082
500.0,0.423,0.97,356.4,1,200.0,0.7184999999999999,0.937033257939334
1100.0,0.387,2.22,35.6296,1,30.0,0.727,0.9794546823485596
1300.0,0.385,2.2,13.0375,1,30.0,0.841,1.6656874577527163
1500.0,0.371,2.04,3.7649,1,30.0,0.856,1.7824570765657413
1700.0,0.37,1.97,3.6883,1,30.0,0.8759999999999999,1.9550845253313536
1500.0,0.354,1.08,75.11,0,20.0,0.7931,1.3437137323377768
1500.0,0.36,1.1,71.12,0,20.0,0.7895,1.3219141805732606
1500.0,0.365,1.13,60.83,0,20.0,0.8092,1.4448203462794045
1500.0,0.372,1.18,61.15,0,20.0,0.7779,1.253470250312347
1500.0,0.373,1.22,59.4,0,20.0,0.8019,1.3982119581084773
1500.0,0.375,1.27,77.02,0,20.0,0.8061,1.4248652420409496
1000.0,0.41,4.0,11.2,0,20.0,0.723,0.9593917159714261
1200.0,0.396,3.7,19.7,0,20.0,0.728,0.9844989819006886
1400.0,0.392,2.56,10.5,0,20.0,0.8009999999999999,1.3925561223438665
1600.0,0.346,2.38,10.3,0,20.0,0.795,1.355332135515924
1200.0,0.392,2.22,103.1,0,20.0,0.6809999999999999,0.7583712033646676
1400.0,0.388,1.96,5.8,0,20.0,0.873,1.927748469381011
1600.0,0.351,1.85,4.0,0,20.0,0.8059999999999999,1.4242255834432997
800.0,0.405,0.97,39.4,0,30.0,0.6,0.4054651081081642
1000.0,0.358,0.98,9.5,0,30.0,0.75,1.0986122886681098
1300.0,0.379,1.28,29.3,1,10.0,0.843,1.680721152653547
900.0,0.361,0.83,10.42,1,20.0,0.6409,0.5792725372781442
900.0,0.3617,0.85,12.3,1,20.0,0.6816,0.7611345215448779
900.0,0.3625,0.87,12.29,1,20.0,0.669,0.7036656847511656
900.0,0.3639,0.88,8.2,1,20.0,0.6951,0.8240718661122313
800.0,0.387,2.04,136.0,0,50.0,0.5988,0.40046759645769275
1000.0,0.385,2.01,120.7,0,50.0,0.6408,0.5788380593261051
1200.0,0.386,1.96,4.9,0,50.0,0.6677,0.6978007955032745
1400.0,0.366,1.91,4.1,0,50.0,0.7645000000000001,1.177511111912645
1600.0,0.343,1.89,4.1,0,50.0,0.7277,0.9829844756733269
800.0,0.347,1.66,8.4,0,50.0,0.6603,0.6646314020339874
1000.0,0.348,1.39,3.5,0,50.0,0.6157,0.4713363343463663
650.0,0.37,1.04,5.74,0,100.0,0.4657,-0.13741582897539412
650.0,0.38,1.06,10.86,0,100.0,0.528,0.11211729812070621
1200.0,0.41,1.04,221.59,0,50.0,0.65,0.6190392084062236
1000.0,0.388,1.05,85.1,0,30.0,0.6053999999999999,0.42801680299910305
1300.0,0.385,1.08,34.4,0,30.0,0.85,1.7346010553881064
1300.0,0.378,1.12,28.0,0,30.0,0.85,1.7346010553881064
1500.0,0.377,1.12,26.1,0,30.0,0.826,1.5575394743064488
1500.0,0.357,1.39,22.6,0,30.0,0.7217,0.9529098715463824
1100.0,0.398,2.59,22.9,0,20.0,0.805,1.4178427188548168
1100.0,0.387,2.41,2.96,0,20.0,0.825,1.5505974124111666
1100.0,0.39,2.69,54.13,0,20.0,0.777,1.2482685789075287
1100.0,0.394,2.44,5.26,0,20.0,0.8009999999999999,1.3925561223438665
1500.0,0.361,1.43,1.5,0,37.2,0.8540000000000001,1.766324572080234
1500.0,0.367,1.49,1.3,0,37.2,0.855,1.7743677265161857
1500.0,0.357,1.36,2.2,0,37.2,0.856,1.7824570765657413
1500.0,0.364,1.43,2.2,0,37.2,0.848,1.7190001149456264
1200.0,0.369,1.85,223.18,1,100.0,0.6409999999999999,0.5797070684323907
900.0,0.373,0.96,62.3,0,20.0,0.6531999999999999,0.6331351161899228
1100.0,0.371,0.98,12.7,0,20.0,0.7084,0.8876259057741754
750.0,0.374,0.97,1641.0,0,100.0,0.2139,-1.3015753947113509
1200.0,0.373,0.95,42.6,1,50.0,0.695,0.8236000689573804
1200.0,0.383,0.96,83.2,1,50.0,0.6829999999999999,0.7675930856935093
1200.0,0.384,0.99,60.7,1,50.0,0.675,0.7308875085427926
1100.0,0.3772,1.34,10.9,0,25.0,0.753,1.1146768911719165
1100.0,0.3994,1.36,42.0,0,25.0,0.77,1.2083112059245342
1100.0,0.4022,1.37,57.0,0,25.0,0.637,0.5623668213073126
800.0,0.36,0.7,40.0,0,100.0,0.5034000000000001,0.013600209627149536
1200.0,0.377,1.56,1.85,0,20.0,0.8059999999999999,1.4242255834432997
1400.0,0.375,1.46,1.77,0,20.0,0.846,1.7035667571925939
1600.0,0.372,1.35,1.89,0,20.0,0.843,1.680721152653547
1200.0,0.381,1.42,1.0,0,20.0,0.8079999999999999,1.4370666864933135
1400.0,0.38,1.35,1.0,0,20.0,0.861,1.823620571297039
1600.0,0.363,1.01,2.66,0,20.0,0.8320000000000001,1.5998684614179501
600.0,0.368,1.1,7.5,0,50.0,0.5331,0.1325939218518241
1400.0,0.363,1.2,13.38,0,100.0,0.7338,1.0139886059601704
1300.0,0.352,1.6,9.9,1,100.0,0.6944,0.820771106053775
1300.0,0.377,1.96,3.6,1,100.0,0.715,0.919793362425357
1300.0,0.376,2.18,9.0,1,100.0,0.6246,0.50911932069657
1300.0,0.382,2.19,6.4,1,100.0,0.7343999999999999,1.0170624217040016
1200.0,0.39,1.09,95.7,0,30.0,0.6940000000000001,0.8188868585544241
1300.0,0.373,1.243,3.67,0,30.0,0.865,1.8574547284934497
1500.0,0.368,1.232,1.6,0,30.0,0.905,2.2540580520993854
900.0,0.4052,1.866,821.88,0,50.0,0.428,-0.2900157957980013
1300.0,0.375,1.29,4.9,0,25.0,0.701,0.8520643136439034
1300.0,0.37,1.21,7.7,0,25.0,0.787,1.3069360827079783
1300.0,0.364,1.18,10.6,0,25.0,0.8240000000000001,1.5436865348713205
1300.0,0.358,1.13,14.4,0,25.0,0.7909999999999999,1.3309637158028425
1200.0,0.39,1.08,33.86,1,20.0,0.7020000000000001,0.8568399175204071
1400.0,0.387,1.98,5.68,0,30.0,0.82,1.5163474893680882
1400.0,0.397,2.13,6.87,0,30.0,0.81,1.4500101755059986
1400.0,0.399,2.25,2.32,0,30.0,0.88,1.9924301646902063
1400.0,0.401,2.3,4.62,0,30.0,0.85,1.7346010553881064
1400.0,0.355,1.35,4.08,0,20.0,0.764,1.1747359841409104
1400.0,0.36,0.77,18.87,0,20.0,0.866,1.8660451086115237
1400.0,0.358,1.03,8.86,0,20.0,0.8340000000000001,1.6142456140022041
700.0,0.358,1.06,347.88,0,100.0,0.605,0.42634269312971956
800.0,0.352,1.01,435.13,0,100.0,0.522,0.08805685539118287
1200.0,0.385,1.01,49.0,0,50.0,0.68,0.7537718023763803
1200.0,0.379,0.99,70.0,0,50.0,0.63,0.5322168137473082
900.0,0.397,2.99,763.82,1,20.0,0.42700000000000005,-0.29410170348611486
1200.0,0.376,2.95,8.4,0,30.0,0.7994,1.3825485707493879
1200.0,0.38,3.36,21.06,0,30.0,0.748,1.087973890463054
1200.0,0.385,3.32,21.19,0,30.0,0.809,1.4435254890118623
1300.0,0.354,1.155,67.858,0,20.0,0.8,1.3862943611198908
1300.0,0.356,1.081,97.343,0,20.0,0.79,1.3249254147435987
800.0,0.374,1.56,678.0,0,50.0,0.37,-0.5322168137473082
900.0,0.368,1.33,103.3,1,20.0,0.66,0.6632942174102643
800.0,0.371,2.86,50.94,0,100.0,0.612,0.45572694288905263
1000.0,0.372,3.38,20.6,0,20.0,0.6291,0.5283577420804387
1200.0,0.367,2.61,415.8,0,20.0,0.6726000000000001,0.7199681343691352
1100.0,0.389,2.064,338.0,0,20.0,0.625,0.5108256237659907
1100.0,0.385,2.194,328.0,0,20.0,0.691,0.8047985468699241
1000.0,0.377,1.851851852,93.25,0,20.0,0.7437999999999999,1.0658137920283353
1200.0,0.376,1.694915254,54.04,0,20.0,0.7962,1.3627112897775924
1400.0,0.371,1.449275362,17.34,0,20.0,0.8643000000000001,1.8514733639177696
1600.0,0.37,1.204819277,11.99,0,20.0,0.7701,1.2088759447760686
1300.0,0.38,1.17,285.8,0,25.0,0.7256999999999999,0.9729143083405332
1300.0,0.372,1.05,6.9,0,25.0,0.73,0.9946225751440619
1300.0,0.378,1.03,2.9,0,25.0,0.7881999999999999,1.3141094315935966
1100.0,0.39,1.07,122.5,0,100.0,0.5683,0.27491854574164404
1200.0,0.392,1.22,158.0,0,33.0,0.59,0.3639653772014115
700.0,0.351,1.62,5.75,0,30.0,0.57,0.2818511521409875
1100.0,0.38,1.51,316.0,0,100.0,0.5429999999999999,0.1724259290397304
1100.0,0.37,1.34,296.0,0,100.0,0.5579999999999999,0.2330490803036126
1000.0,0.386,2.22,74.7,0,100.0,0.68,0.7537718023763803
800.0,0.38,1.03,188.0,0,100.0,0.5125,0.0500104205746612
800.0,0.41,1.1,478.0,0,100.0,0.469,-0.12415925279565959
1050.0,0.366,1.11,154.0,1,50.0,0.579,0.3186696438906136
1050.0,0.365,1.14,162.0,1,50.0,0.574,0.2981900500501958
900.0,0.373,2.64,3.297,0,30.0,0.5579999999999999,0.2330490803036126
1100.0,0.374,2.19,9.521,0,30.0,0.6859999999999999,0.7814846418176316
1300.0,0.37,1.98,24.017,0,30.0,0.72,0.9444616088408513
1500.0,0.366,1.58,11.577,0,30.0,0.736,1.02528101558256
1700.0,0.363,1.45,9.609,0,30.0,0.716,0.9247059287994395
1900.0,0.358,1.31,11.254,0,30.0,0.688,0.7907856501238609
800.0,0.359,1.74,5.0,0,20.0,0.53,0.12014431184206341
1200.0,0.39,1.63,10.055,0,30.0,0.79,1.3249254147435987
1400.0,0.38,1.71,9.162,0,30.0,0.8,1.3862943611198908
1300.0,0.3978,2.3253,563.52,0,25.0,0.64,0.5753641449035619
1500.0,0.3891,2.0068,450.23,0,25.0,0.57,0.2818511521409875
700.0,0.3786,2.13,307.2,0,20.0,0.4,-0.4054651081081643
700.0,0.3941,2.7,602.1,0,20.0,0.34,-0.663294217410264
1100.0,0.373,2.285,35.741,0,25.0,0.6990000000000001,0.8425404774849349
1100.0,0.374,2.296,47.019,0,25.0,0.7440000000000001,1.06686359035353
1100.0,0.379,2.827,88.864,0,25.0,0.737,1.030433860011572
1100.0,0.38,2.553,355.024,0,25.0,0.684,0.7722157040356386
1200.0,0.4028,1.28,11.33,0,50.0,0.7039,0.8659390655065401
1200.0,0.3812,1.33,12.73,0,50.0,0.6896,0.7982499310404197
1300.0,0.375,1.077,6.78,0,25.0,0.767,1.1914483478015556
1300.0,0.366,1.024,5.34,0,25.0,0.82,1.5163474893680882
1300.0,0.356,1.002,4.74,0,25.0,0.748,1.087973890463054
1000.0,0.38,3.05,56.0,0,20.0,0.77,1.2083112059245342
1200.0,0.379,2.96,31.0,0,20.0,0.82,1.5163474893680882
1400.0,0.374,2.43,11.0,0,20.0,0.83,1.5856272637403817
1600.0,0.369,2.16,5.0,0,20.0,0.83,1.5856272637403817
1300.0,0.374,1.59,20.74,0,50.0,0.72,0.9444616088408513
1000.0,0.374,1.54,11.8,0,25.0,0.61,0.44731221804366483
1300.0,0.368,1.41,12.6,0,25.0,0.7,0.8472978603872034
1600.0,0.361,0.78,11.2,0,25.0,0.74,1.0459685551826876
1000.0,0.375,1.79,13.2,0,25.0,0.62,0.4895482253187058
1300.0,0.37,1.14,16.3,0,25.0,0.74,1.0459685551826876
1600.0,0.361,0.78,14.6,0,25.0,0.72,0.9444616088408513
1100.0,0.385,1.051,32.7,0,100.0,0.5655,0.2635143508507284
1100.0,0.389,1.047,8.8,0,100.0,0.5945,0.382599842575369
1100.0,0.378,1.084,16.3,0,100.0,0.534,0.13621020483454901
1100.0,0.387,1.05,9.4,0,100.0,0.64,0.5753641449035619
1200.0,0.394,1.16,38.3,0,100.0,0.7120000000000001,0.9051174312760303
1000.0,0.375,1.15,11.0,0,30.0,0.72,0.9444616088408513
1300.0,0.368,1.32,4.0,0,30.0,0.83,1.5856272637403817
1300.0,0.408,1.016,25.58,0,100.0,0.659,0.6588410572189906
1300.0,0.383,1.9,103.0,0,25.0,0.7,0.8472978603872034
600.0,0.362,0.42,8.67,0,100.0,0.51,0.040005334613699206
600.0,0.398,0.75,262.0,0,50.0,0.47,-0.12014431184206334
800.0,0.369,0.89,586.0,0,50.0,0.3933,-0.43346175551048843
1050.0,0.366,1.07,78.0,1,50.0,0.6132,0.4607833834185197
1050.0,0.365,1.1,233.0,1,50.0,0.6931,0.8146523272982488
1050.0,0.36,1.24,783.0,1,50.0,0.6061,0.4309479189803791
750.0,0.381,1.33,8.0,0,30.0,0.6,0.4054651081081642
1050.0,0.374,0.75,2.0,0,30.0,0.72,0.9444616088408513
1300.0,0.41,0.787,4.0,0,20.0,0.85,1.7346010553881064
800.0,0.386,0.99,465.0,1,50.0,0.5485,0.19461190685824484
800.0,0.397,2.5,205.54,0,30.0,0.5,0.0
1000.0,0.393,2.22,220.92,0,30.0,0.5121,0.04840945164671305
1600.0,0.386,1.18,218.0,0,30.0,0.531,0.12415925279565966
800.0,0.391,1.87,76.67,0,50.0,0.598,0.3971386653316105
900.0,0.387,1.82,147.16,0,50.0,0.631,0.536509218500686
1000.0,0.383,1.69,253.46,0,50.0,0.649,0.6146464932382243
1100.0,0.38,1.65,312.63,0,50.0,0.622,0.4980458971195918
1000.0,0.369,1.05,1988.9,0,50.0,0.373,-0.5193681209891051
800.0,0.4,0.93,331.4,0,50.0,0.4545,-0.18250489165559194
1000.0,0.353,1.56,2.74,0,30.0,0.69,0.8001193001121129
1000.0,0.374,1.98,6.15,0,30.0,0.71,0.8953840470548413
1000.0,0.37,2.03,10.95,0,30.0,0.63,0.5322168137473082
800.0,0.36,1.2,1523.0,0,1000.0,0.203,-1.3676486997484274
1000.0,0.386,1.2,73.0,0,20.0,0.66,0.6632942174102643
800.0,0.3773,2.49,338.0,0,30.0,0.6,0.4054651081081642
800.0,0.381,2.51,334.0,0,30.0,0.43,-0.2818511521409879
1700.0,0.367,0.781,4.7,1,30.0,0.92,2.442347035369205
1000.0,0.391,2.45,751.6,0,50.0,0.45799999999999996,-0.16839681732546138
1500.0,0.37,1.64,7.39,0,25.0,0.8621,1.832842488416623
1000.0,0.397,1.226,29.098,0,50.0,0.727,0.9794546823485596
1000.0,0.39,1.032,16.545,0,50.0,0.7290000000000001,0.9895549111289577
790.0,0.36,0.98,743.0,0,50.0,0.4167,-0.33633509533118394
800.0,0.366,1.13,206.38,0,50.0,0.622,0.4980458971195918
1500.0,0.365,1.07,100.0,0,50.0,0.644,0.5927679952523233
1500.0,0.372,1.09,119.0,0,50.0,0.6,0.4054651081081642
1000.0,0.381,2.97,235.0,1,20.0,0.7265,0.9769368611483019
800.0,0.403,2.87,11.67,0,30.0,0.62,0.4895482253187058
1200.0,0.397,2.47,9.23,0,30.0,0.71,0.8953840470548413
1400.0,0.392,2.22,8.57,0,30.0,0.76,1.1526795099383855
1600.0,0.376,1.89,5.54,0,30.0,0.81,1.4500101755059986
800.0,0.397,3.08,31.0,0,50.0,0.586,0.34745381575169815
1000.0,0.388,2.7,20.8,0,50.0,0.6809999999999999,0.7583712033646676
800.0,0.4,1.8,528.0,0,27.0,0.42479999999999996,-0.303099336479108
1400.0,0.375,1.11,134.0,0,30.0,0.7371,1.0309498364594076
1400.0,0.378,1.08,146.0,0,30.0,0.7839,1.2885401976818365
1550.0,0.391,1.24,1.44,0,30.0,0.86,1.815289966638249
1550.0,0.389,1.245,0.39,0,30.0,0.82,1.5163474893680882
1550.0,0.386,1.243,0.26,0,30.0,0.8,1.3862943611198908
1000.0,0.394,1.26,232.0,0,30.0,0.5,0.0
1300.0,0.392,1.34,34.0,0,30.0,0.75,1.0986122886681098
1500.0,0.371,1.67,12.0,0,30.0,0.89,2.0907410969337694
1500.0,0.381,1.62,40.0,0,30.0,0.76,1.1526795099383855
1100.0,0.389,1.05,10.8,0,30.0,0.79,1.3249254147435987
1100.0,0.408,1.11,32.8,0,30.0,0.75,1.0986122886681098
900.0,0.402,2.08,2.7,0,25.0,0.66,0.6632942174102643
1100.0,0.393,1.82,46.1,0,25.0,0.65,0.6190392084062236
900.0,0.392,1.89,27.9,0,25.0,0.73,0.9946225751440619
1100.0,0.388,1.67,56.7,0,25.0,0.77,1.2083112059245342
1300.0,0.382,1.45,13.4,0,25.0,0.79,1.3249254147435987
1500.0,0.372,1.35,12.4,0,25.0,0.8,1.3862943611198908
1200.0,0.391,1.692,638.9,0,50.0,0.531,0.12415925279565966
900.0,0.378,1.64,1886.0,0,100.0,0.6027,0.4167278976684452
900.0,0.373,2.58,224.019,0,30.0,0.6009,0.4092165192851939
1000.0,0.363,2.48,137.074,0,30.0,0.6215999999999999,0.4963449618757142
1100.0,0.36,2.46,194.49,0,30.0,0.6455,0.5993168643145148
1400.0,0.392,1.83,6.5,0,30.0,0.82,1.5163474893680882
1000.0,0.44,1.02,1.86,0,20.0,0.6729999999999999,0.7217851587474742
1100.0,0.4012,1.15,78.97,0,50.0,0.6920000000000001,0.8094861726440953
1100.0,0.3941,1.18,103.83,0,50.0,0.652,0.6278420821521787
1300.0,0.375,1.35,1.8,0,20.0,0.7829999999999999,1.283235342450343
900.0,0.403,1.852,325.27,0,25.0,0.49200000000000005,-0.03200273108617372
1100.0,0.398,1.64,82.01,0,25.0,0.731,0.9997020801479394
1300.0,0.391,1.52,36.2,0,25.0,0.77,1.2083112059245342
1500.0,0.375,1.39,23.87,0,25.0,0.794,1.3492072924575549
1000.0,0.386,2.15,15.6,0,25.0,0.7829999999999999,1.283235342450343
1200.0,0.384,2.02,35.1,0,25.0,0.845,1.695911510437927
1300.0,0.376,1.73,26.7,0,25.0,0.8759999999999999,1.9550845253313536
1400.0,0.371,1.69,34.7,0,25.0,0.884,2.0308668715312788
1000.0,0.385,1.89,103.0,0,25.0,0.7070000000000001,0.8808580568795059
1200.0,0.383,1.79,66.5,0,25.0,0.807,1.4306334793650637
1300.0,0.379,1.71,38.6,0,25.0,0.865,1.8574547284934497
1400.0,0.376,1.58,33.3,0,25.0,0.883,2.021151265806204
700.0,0.376,0.92,1006.0,0,100.0,0.314,-0.7814846418176318
900.0,0.41,1.07,171.54,0,100.0,0.598,0.3971386653316105
1300.0,0.413,3.226,34.0,0,20.0,0.861,1.823620571297039
1300.0,0.401,2.5,20.0,0,20.0,0.852,1.7503742530652007
1300.0,0.398,2.38,13.0,0,20.0,0.813,1.4696224926932235
1300.0,0.391,1.923,1.74,0,20.0,0.789,1.318908187369808
1000.0,0.383,1.12,50.628,0,50.0,0.557,0.22899546988214853
1000.0,0.382,1.09,546.0,0,100.0,0.66,0.6632942174102643
750.0,0.345,0.91,21.8,0,20.0,0.547,0.18855667693894732
600.0,0.361,0.93,44.1,0,20.0,0.49700000000000005,-0.012000144003110185
750.0,0.366,1.05,75.2,0,20.0,0.491,-0.036003888756002175
600.0,0.4,1.04,430.0,0,20.0,0.5,0.0
800.0,0.43,0.93,586.65,0,50.0,0.44,-0.2411620568168881
700.0,0.382,1.65,313.0,1,50.0,0.5966,0.3913182465605368
700.0,0.37,1.4,320.0,1,50.0,0.5692,0.27858792093346396
700.0,0.37,1.37,379.0,1,50.0,0.512,0.04800921918636066
1100.0,0.395,0.356,234.5,0,20.0,0.575,0.3022808718729335
800.0,0.38458,2.94,9.974,0,50.0,0.531,0.12415925279565966
600.0,0.371,0.85,539.0,0,30.0,0.4172,-0.33427835119443233
700.0,0.366,0.94,531.0,0,30.0,0.4044,-0.38716481366353767
800.0,0.363,0.93,508.0,0,30.0,0.4094,-0.3664462960826332
900.0,0.359,0.92,467.0,0,30.0,0.36869999999999997,-0.5377978801334811
900.0,0.4,1.29,198.46,0,50.0,0.52,0.08004270767353656
700.0,0.38,0.89,1883.0,0,100.0,0.319,-0.7583712033646678
900.0,0.399,1.67,6.36,0,25.0,0.59,0.3639653772014115
1500.0,0.368,1.124,3.21,0,25.0,0.73,0.9946225751440619
1600.0,0.362,1.087,1.06,0,25.0,0.75,1.0986122886681098
700.0,0.375,0.976,736.9,0,50.0,0.39,-0.4473122180436648
900.0,0.39,1.49,1.0,0,25.0,0.612,0.45572694288905263
1100.0,0.374,1.76,126.6,0,20.0,0.64,0.5753641449035619
1300.0,0.371,1.67,81.5,0,20.0,0.74,1.0459685551826876
1500.0,0.367,1.5,8.9,0,20.0,0.83,1.5856272637403817
1600.0,0.366,1.5,2.4,0,20.0,0.86,1.815289966638249
1300.0,0.377,1.49,117.0,0,20.0,0.634,0.5494156210358597
1100.0,0.377,1.3,8.5,0,20.0,0.8017,1.3969534375231556
1100.0,0.395,1.39,7.3,0,20.0,0.7402,1.0470083157155563
1100.0,0.383,1.18,5.2,0,20.0,0.8039000000000001,1.410850150131615
1000.0,0.38,1.2,40.0,0,100.0,0.5661,0.2659566482383094
700.0,0.374,0.87,1300.0,0,100.0,0.337,-0.6766920598335009
800.0,0.417,3.03,557.0,0,30.0,0.33299999999999996,-0.6946475559351801
1400.0,0.381,1.89,40.0,0,30.0,0.8540000000000001,1.766324572080234
1600.0,0.375,1.67,4.0,0,30.0,0.835,1.6214862509502748
1300.0,0.3755,1.05,33.1,0,10.0,0.743,1.0616199598225393
1500.0,0.3677,1.11,16.9,0,10.0,0.7490000000000001,1.0932860443854362
800.0,0.39,1.89,1430.0,0,100.0,0.3053,-0.8221851979580029
800.0,0.39,1.94,1580.0,0,100.0,0.2919,-0.8861740487976592
800.0,0.3356,0.9434,664.0,0,100.0,0.3289,-0.7131644039691822
700.0,0.395,0.98,677.7,0,100.0,0.43700000000000006,-0.25334643304410004
700.0,0.36,0.98,94.1,0,30.0,0.5,0.0
700.0,0.375,0.934,488.0,0,50.0,0.44,-0.2411620568168881
1100.0,0.4,1.01,46.4,0,200.0,0.523,0.0920649731765818
1100.0,0.375,2.09,24.8,0,40.0,0.725,0.9694005571881035
1400.0,0.372,1.84,8.0,0,40.0,0.852,1.7503742530652007
1600.0,0.371,1.44,5.0,0,40.0,0.845,1.695911510437927
1250.0,0.367,0.97,14.6,0,20.0,0.72,0.9444616088408513
900.0,0.401,0.89,294.45,0,100.0,0.5539999999999999,0.2168457347272194
1000.0,0.371,1.19,5.46,1,50.0,0.647,0.6058782375676038
1200.0,0.394,1.09,7.07,1,50.0,0.742,1.056389658245763
1400.0,0.373,0.96,6.84,1,50.0,0.775,1.2367626271489272
1100.0,0.393,1.02,2.13,0,15.0,0.6827,0.7662078258350846
1500.0,0.37,1.834,8.34,0,20.0,0.74,1.0459685551826876
1500.0,0.38,1.908,2.83,0,20.0,0.752,1.1093075777848576
1300.0,0.384,2.41,1656.7,0,30.0,0.19399999999999998,-1.4242255834433002
1300.0,0.382,1.46,5.8,0,30.0,0.878,1.9736255489018601
1300.0,0.381,1.62,9.4,1,30.0,0.835,1.6214862509502748
1300.0,0.392,1.67,56.6,1,30.0,0.86,1.815289966638249
950.0,0.369,2.15,407.0,0,50.0,0.4733,-0.10690168957714123
950.0,0.365,2.53,19.0,0,50.0,0.6017,0.41255349203870756
1400.0,0.37,0.87,280.0,0,20.0,0.611,0.45151761555314895
1400.0,0.38,1.04,0.7,0,20.0,0.757,1.1363018100969002
800.0,0.38,2.67,7.0,1,20.0,0.7020000000000001,0.8568399175204071
800.0,0.362,2.53,2.0,1,20.0,0.583,0.33510096455169075
800.0,0.383,2.79,445.0,1,20.0,0.46,-0.16034265007517937
1600.0,0.346,1.6,13.28,1,100.0,0.8,1.3862943611198908
1600.0,0.346,1.71,15.95,1,100.0,0.7959999999999999,1.361479192000166
1200.0,0.375,1.032,120.6,1,30.0,0.79,1.3249254147435987
1200.0,0.387,0.967,18.2,1,30.0,0.84,1.6582280766035322
1200.0,0.399,1.013,22.1,1,30.0,0.75,1.0986122886681098
1300.0,0.38,1.2,2.78,1,20.0,0.8349,1.6207606062738722
1300.0,0.37,1.26,19.97,1,20.0,0.8654000000000001,1.8608844105801574
1300.0,0.37,1.27,4.01,1,20.0,0.8595999999999999,1.811971673176644
1300.0,0.37,1.24,3.43,1,20.0,0.828,1.5715186775718064
1400.0,0.379,1.23,2.8,1,30.0,0.8469,1.7104913212639152
1400.0,0.382,1.32,4.1,1,30.0,0.868,1.8833897920739793
1000.0,0.3751,2.21,2095.5475,1,100.0,0.68,0.7537718023763803
900.0,0.393,2.26,2788.2295,1,100.0,0.807,1.4306334793650637
1300.0,0.379,1.79,10.79,1,20.0,0.8029999999999999,1.4051509852087727
1300.0,0.371,1.57,7.34,1,20.0,0.821,1.5231373036116729
1300.0,0.366,1.33,3.51,1,20.0,0.765,1.180290319682377
1300.0,0.394,1.97,380.14,0,20.0,0.723,0.9593917159714261
1300.0,0.39,2.16,132.09,0,20.0,0.754,1.1200608320755931
1300.0,0.382,2.31,44.61,0,20.0,0.8220000000000001,1.5299568447640952
1300.0,0.382,1.23,1.07,0,15.0,0.8634999999999999,1.8446692829617182
1300.0,0.366,1.2,1.01,0,15.0,0.7268000000000001,0.9784472088253817
1300.0,0.38,1.34,7.32,1,30.0,0.8565999999999999,1.78733313701575
1300.0,0.386,1.57,10.54,1,30.0,0.885,2.0406555166446796
1300.0,0.392,1.6,430.46,1,30.0,0.5849,0.342921437389987
1200.0,0.369,1.67,12.08,0,30.0,0.6970000000000001,0.8330526052511551
1400.0,0.376,1.06,5.6,0,30.0,0.89,2.0907410969337694
1600.0,0.36,1.02,11.6,0,30.0,0.83,1.5856272637403817
1400.0,0.385,1.08,16.5,0,30.0,0.82,1.5163474893680882
1400.0,0.361,1.01,18.5,0,30.0,0.84,1.6582280766035322
800.0,0.387327,1.965518,114.27,1,25.0,0.6643000000000001,0.6825159506852068
900.0,0.386307,1.748638,89.59,1,25.0,0.6720999999999999,0.7176984551253173
1200.0,0.379977,1.337509,227.57,1,25.0,0.7243,0.9658923531715297
1300.0,0.367165,1.268606,287.21,1,25.0,0.7234999999999999,0.9618897251091486
