carbonization_temperature_C,d002_nm,id_ig,ssa_m2_g,electrolyte_type,current_density_mA_g,plateau_capacity_mAh_g
900.0,0.387,1.11,209.3,1,20.0,0.0
1000.0,0.385,1.23,571.7,1,20.0,0.0
1100.0,0.382,1.17,33.03,1,20.0,106.0
1200.0,0.38,1.16,167.3,1,20.0,125.0
1100.0,0.382,1.16,46.3,1,20.0,140.0
1100.0,0.38,2.63,231.1,1,20.0,62.0
1300.0,0.375,2.02,240.6,1,20.0,81.0
1100.0,0.388,2.97,29.2,1,20.0,72.0
1300.0,0.378,2.39,34.5,1,20.0,118.0
1400.0,0.37,0.87,280.0,1,20.0,191.6
1400.0,0.38,1.04,0.7,1,20.0,181.5
1500.0,0.372,1.856,10.8,1,20.0,200.0
1500.0,0.376,1.772,7.7,1,20.0,237.0
1500.0,0.383,1.764,8.7,1,20.0,266.8
1500.0,0.389,1.755,11.1,1,20.0,217.3
1400.0,0.383,1.116,3.5726,1,50.0,203.64
1400.0,0.393,1.057,4.6857,1,50.0,210.0
1400.0,0.378,1.012,4.4029,1,50.0,154.18
1200.0,0.372,0.95,5.51,0,50.0,164.2
1200.0,0.364,1.43,0.404,0,50.0,109.9
1200.0,0.365,1.17,0.739,0,50.0,99.2
800.0,0.355,1.62,294.5,1,200.0,0.0
650.0,0.365,2.18,1529.1,0,100.0,0.0
750.0,0.378,1.29,1752.0,0,100.0,0.0
750.0,0.391,2.04,706.0,0,100.0,0.0
1200.0,0.41,2.69,14.5,1,30.0,174.72
1400.0,0.37,1.99,8.6,1,30.0,203.49
1400.0,0.363,1.49,14.3,0,20.0,174.9
1400.0,0.371,1.62,26.3,0,20.0,186.9
1400.0,0.37,1.54,6.8,0,20.0,218.6
1500.0,0.378,1.61,12.1,0,37.2,214.83
1500.0,0.375,1.64,6.0,0,37.2,194.29
1500.0,0.373,1.59,2.4,0,37.2,169.96
1500.0,0.377,1.63,2.4,0,37.2,199.62
1500.0,0.379,1.62,14.7,0,37.2,205.32
1100.0,0.36,1.78,9.8,0,25.0,115.88
1100.0,0.404,2.58,8.44,0,30.0,148.48
1300.0,0.397,2.39,7.12,0,30.0,199.63
1100.0,0.372,1.24,3.88,0,15.0,125.0
700.0,0.381,3.38,1.08,1,30.0,37.6
1100.0,0.374,2.66,1.87,1,30.0,97.0
1500.0,0.358,1.63,4.49,1,30.0,118.3
1200.0,0.385,2.27,4.71,0,30.0,186.2
1200.0,0.399,1.15,17.84,0,50.0,157.88
1200.0,0.393,1.05,6.9148,0,50.0,189.73
800.0,0.39,2.11,468.0,1,100.0,0.0
600.0,0.42,1.55,21.15,0,100.0,0.0
1400.0,0.389,1.408,3.37,1,50.0,243.07
900.0,0.3749,1.71,479.0,0,15.0,0.0
1100.0,0.3744,1.77,277.0,0,15.0,108.97
1300.0,0.3777,1.44,1.6,0,15.0,141.35
1400.0,0.3715,1.599,29.4,0,15.0,175.77
1500.0,0.3715,1.99,2.85,0,15.0,137.32
1600.0,0.3675,2.05,16.15,0,15.0,128.27
800.0,0.381,1.09,547.6,1,100.0,0.0
700.0,0.399,2.886,1623.2,1,20.0,0.0
1100.0,0.3814,1.68,66.996,0,20.0,67.89
1300.0,0.3796,1.53,35.526,0,20.0,157.28
1400.0,0.364,1.235,69.0,1,50.0,166.48
1400.0,0.362,1.224,68.2,1,50.0,164.8
1100.0,0.387,2.1,29.32,0,30.0,87.36
1200.0,0.38,2.1,2.3,0,30.0,209.3
700.0,0.37,1.02,161.2,0,100.0,0.0
800.0,0.39,1.03,189.7,0,100.0,0.0
900.0,0.41,1.05,192.8,0,100.0,0.0
700.0,0.3863,1.53,290.0,0,25.0,0.0
900.0,0.3809,1.42,255.0,0,25.0,106.23
1100.0,0.3706,1.38,90.0,0,25.0,96.83
1200.0,0.38,1.05,63.9,0,50.0,165.83
1000.0,0.41,0.88,382.0,0,30.0,52.71
1300.0,0.393,0.99,10.0,0,30.0,151.94
1500.0,0.383,1.1,11.0,0,30.0,217.99
1700.0,0.363,1.13,7.0,0,30.0,200.52
1900.0,0.355,1.18,7.0,0,30.0,134.31
800.0,0.359,2.32,108.0,0,50.0,0.0
1200.0,0.348,1.63,100.7,0,30.0,67.3
1200.0,0.381,1.89,49.1,0,30.0,161.1
1200.0,0.394,1.91,4.8,0,30.0,184.9
1200.0,0.374,1.85,29.6,0,30.0,145.8
1100.0,0.408,2.14,13.0,0,30.0,133.02
1300.0,0.379,1.87,4.2,0,30.0,149.72
700.0,0.384,1.04,1041.2,0,100.0,0.0
1000.0,0.403,2.11,393.84,0,30.0,52.8
800.0,0.37,1.09,477.838,0,25.0,38.4
800.0,0.38,1.06,449.073,0,25.0,32.68
800.0,0.38,1.17,282.87,0,25.0,63.3
800.0,0.38,1.09,505.317,0,25.0,43.97
900.0,0.392,1.02,55.8,0,100.0,0.0
800.0,0.391,0.96,75.7,1,100.0,46.33
900.0,0.364,1.1,491.0,1,50.0,25.75
1200.0,0.377,0.98,341.0,1,50.0,51.5
1200.0,0.346,0.98,169.52,0,30.0,97.0
1200.0,0.386,1.75,5.95,0,30.0,185.7
1200.0,0.374,1.49,4.6,0,30.0,151.9
1500.0,0.367,1.42,11.2,0,7.44,186.75
1500.0,0.373,1.55,8.5,0,7.44,227.76
1500.0,0.375,1.54,6.0,0,7.44,218.93
1600.0,0.37,1.44,8.2,0,7.44,229.34
800.0,0.394,0.957,305.051,1,100.0,0.0
800.0,0.416,0.976,46.269,1,100.0,29.01
1000.0,0.373,2.7,49.6,0,100.0,42.71
1400.0,0.418,1.48,3.63,1,30.0,120.0
1400.0,0.42,1.74,1.47,1,30.0,230.1
1400.0,0.419,1.43,2.93,1,30.0,168.0
1400.0,0.417,1.4,4.34,1,30.0,130.0
1400.0,0.374,1.175,52.1,0,20.0,188.87
1400.0,0.382,1.18,15.3,0,20.0,216.19
1400.0,0.398,1.198,10.8,0,20.0,200.4
900.0,0.375,2.21,195.7,0,100.0,19.88
900.0,0.392,2.89,181.3,0,100.0,60.09
1200.0,0.382,2.28,17.4,0,100.0,76.08
1800.0,0.365,0.75,13.0,1,20.0,89.5
1200.0,0.393,1.09,5.0,1,20.0,107.81
1400.0,0.371,0.94,2.0,1,20.0,174.73
800.0,0.39,3.11,252.3,0,30.0,50.0
1000.0,0.385,2.94,84.6,0,30.0,112.0
1200.0,0.383,2.35,6.7,0,30.0,158.0
1400.0,0.379,1.98,3.3,0,30.0,219.0
1600.0,0.371,1.8,1.9,0,30.0,236.0
800.0,0.368,1.084,239.89,1,10.0,64.08
2000.0,0.343,1.306,17.7,1,10.0,120.58
800.0,0.376,1.102,138.47,1,10.0,48.93
1000.0,0.354,0.94,131.24,1,100.0,78.42
1190.0,0.376,0.96,296.17,1,50.0,0.0
1000.0,0.402,1.18,325.0,1,30.0,53.65
1200.0,0.397,1.15,103.0,1,30.0,109.66
1400.0,0.39,1.16,46.0,1,30.0,172.61
1400.0,0.388,1.05,29.0,1,30.0,120.08
1100.0,0.411,1.664,15.611,0,100.0,25.0
1200.0,0.367,1.85,115.9,0,30.0,162.1
1200.0,0.379,1.89,70.2,0,30.0,200.4
1200.0,0.384,1.96,30.0,0,30.0,230.5
1200.0,0.401,2.2,47.3,0,30.0,188.5
1400.0,0.372,1.63,22.551,0,20.0,92.4
1400.0,0.377,1.51,27.9862,0,20.0,186.5
1400.0,0.379,1.59,37.2031,0,20.0,150.0
1400.0,0.381,1.71,51.9868,0,20.0,140.3
1400.0,0.378,1.81,78.4585,0,20.0,95.82
1100.0,0.376,1.1,9.068,1,50.0,159.1
1300.0,0.365,1.03,4.729,1,50.0,189.1
800.0,0.396,2.89,583.0,0,30.0,0.0
1000.0,0.379,2.64,205.0,0,30.0,153.6
1300.0,0.38,1.04,90.75,1,50.0,151.7
1000.0,0.393,2.09,329.0,1,50.0,107.89
1000.0,0.389,2.03,478.4,1,50.0,27.89
1000.0,0.364,2.01,13.3,1,50.0,108.0
800.0,0.38,0.63,1079.88,0,100.0,0.0
900.0,0.399,0.89,578.2,0,50.0,0.0
900.0,0.399,0.95,352.7,0,50.0,0.0
1000.0,0.382,1.37,38.0,0,30.0,141.0
1500.0,0.373,1.52,13.0,0,30.0,239.0
1400.0,0.382,2.3,161.2,1,100.0,128.9
1400.0,0.384,2.2,53.0,1,100.0,160.1
1400.0,0.373,1.93,64.2,1,100.0,108.6
1400.0,0.383,2.44,30.4,1,100.0,150.72
1500.0,0.372,1.15,24.0,0,20.0,169.3
1500.0,0.371,1.24,82.0,0,20.0,242.6
1100.0,0.393,2.3,187.5,1,100.0,107.4
1500.0,0.363,1.72,46.6,1,100.0,114.0
600.0,0.377,0.88,690.0,0,100.0,0.0
600.0,0.363,0.84,468.0,0,100.0,0.0
1300.0,0.3637,1.9,105.0,0,25.0,159.17
1300.0,0.3604,1.9,2.5,0,25.0,197.23
1300.0,0.362,1.8,0.1,0,25.0,204.15
1300.0,0.3638,1.8,6.0,0,25.0,209.69
1300.0,0.3623,1.9,8.0,0,25.0,186.85
900.0,0.387,1.24,3.0,0,20.0,129.0
1100.0,0.381,1.18,3.8,0,20.0,137.0
1300.0,0.375,1.11,1.42,0,20.0,143.0
900.0,0.367,1.005,556.96,1,100.0,0.0
850.0,0.391,1.38,137.83,0,50.0,0.0
950.0,0.37,1.28,222.89,0,50.0,0.0
700.0,0.424,0.95,1271.0,0,74.4,0.0
800.0,0.3736,2.09,494.6238,1,50.0,0.0
900.0,0.3711,2.0,445.9053,1,50.0,54.86
1000.0,0.377,1.95,435.3239,1,50.0,129.81
1300.0,0.3783,1.76,22.98,1,50.0,171.26
1300.0,0.3914,1.72,48.9072,1,50.0,116.4
1500.0,0.379,1.7,58.4125,1,50.0,232.48
600.0,0.386,1.36,394.0,1,100.0,0.0
1000.0,0.374,1.32,356.0,1,100.0,42.6
1300.0,0.368,1.28,41.0,1,100.0,159.26
1300.0,0.363,1.25,28.0,1,100.0,145.05
700.0,0.403,2.1,352.06,0,30.0,0.0
900.0,0.399,2.01,131.8,0,30.0,35.06
1100.0,0.394,1.77,18.74,0,30.0,128.45
1400.0,0.386,1.54,6.64,0,30.0,188.79
800.0,0.375,1.76,211.0,1,50.0,0.0
800.0,0.47,1.08,435.34,0,100.0,0.0
1400.0,0.377,1.956,1.82,0,30.0,240.14
1400.0,0.388,2.132,5.65,0,30.0,208.65
1400.0,0.38,2.058,4.78,0,30.0,221.8
1400.0,0.37,1.925,4.07,0,30.0,240.0
1000.0,0.377,1.57,273.2,0,20.0,105.01
1100.0,0.374,2.26,48.19,0,100.0,53.28
800.0,0.379,3.38,210.9,0,30.0,81.04
800.0,0.367,3.57,516.0,0,30.0,0.0
1200.0,0.388,1.904761905,2.49,0,30.0,123.216
1200.0,0.382,1.869158879,1.09,0,30.0,174.168
1200.0,0.377,1.848428835,1.48,0,30.0,196.156
1200.0,0.361,1.63132137,4.93,0,30.0,167.693
1200.0,0.345,1.592356688,169.52,0,30.0,96.86
600.0,0.382,2.74,301.0,1,100.0,0.0
1300.0,0.37,1.62,101.0,1,100.0,91.15
1000.0,0.379,2.04,73.38,1,50.0,99.79
1100.0,0.376,1.79,64.15,1,50.0,123.35
800.0,0.385,1.11,12.98,0,50.0,51.3
800.0,0.361,1.01,12.41,0,50.0,63.4
700.0,0.48,0.95,498.23,0,20.0,0.0
900.0,0.399,1.79,645.0,0,100.0,45.5
1100.0,0.381,1.64,547.0,0,100.0,90.1
1000.0,0.372,1.04,40.0,0,100.0,94.37
1000.0,0.364,1.08,60.0,0,100.0,45.89
1000.0,0.36,1.06,655.0,0,100.0,0.0
500.0,0.423,0.97,356.4,1,200.0,0.0
1100.0,0.387,2.22,35.6296,1,30.0,140.53
1300.0,0.385,2.2,13.0375,1,30.0,227.27
1500.0,0.371,2.04,3.7649,1,30.0,239.39
1700.0,0.37,1.97,3.6883,1,30.0,240.0
1500.0,0.354,1.08,75.11,0,20.0,100.89
1500.0,0.36,1.1,71.12,0,20.0,132.37
1500.0,0.365,1.13,60.83,0,20.0,135.03
1500.0,0.372,1.18,61.15,0,20.0,152.34
1500.0,0.373,1.22,59.4,0,20.0,163.03
1500.0,0.375,1.27,77.02,0,20.0,202.67
1000.0,0.41,4.0,11.2,0,20.0,81.96
1200.0,0.396,3.7,19.7,0,20.0,143.53
1400.0,0.392,2.56,10.5,0,20.0,178.82
1600.0,0.346,2.38,10.3,0,20.0,184.31
1200.0,0.392,2.22,103.1,0,20.0,120.63
1400.0,0.388,1.96,5.8,0,20.0,216.5
1600.0,0.351,1.85,4.0,0,20.0,163.06
800.0,0.405,0.97,39.4,0,30.0,0.0
1000.0,0.358,0.98,9.5,0,30.0,0.0
1300.0,0.379,1.28,29.3,1,10.0,176.64
900.0,0.361,0.83,10.42,1,20.0,36.88
900.0,0.3617,0.85,12.3,1,20.0,65.56
900.0,0.3625,0.87,12.29,1,20.0,75.0
900.0,0.3639,0.88,8.2,1,20.0,76.6
800.0,0.387,2.04,136.0,0,50.0,53.72
1000.0,0.385,2.01,120.7,0,50.0,85.2
1200.0,0.386,1.96,4.9,0,50.0,121.43
1400.0,0.366,1.91,4.1,0,50.0,137.44
1600.0,0.343,1.89,4.1,0,50.0,150.0
800.0,0.347,1.66,8.4,0,50.0,0.0
1000.0,0.348,1.39,3.5,0,50.0,0.0
650.0,0.37,1.04,5.74,0,100.0,0.0
650.0,0.38,1.06,10.86,0,100.0,0.0
1200.0,0.41,1.04,221.59,0,50.0,179.0
1000.0,0.388,1.05,85.1,0,30.0,67.89
1300.0,0.385,1.08,34.4,0,30.0,180.0
1300.0,0.378,1.12,28.0,0,30.0,146.0
1500.0,0.377,1.12,26.1,0,30.0,212.25
1500.0,0.357,1.39,22.6,0,30.0,118.58
1100.0,0.398,2.59,22.9,0,20.0,155.86
1100.0,0.387,2.41,2.96,0,20.0,200.0
1100.0,0.39,2.69,54.13,0,20.0,168.28
1100.0,0.394,2.44,5.26,0,20.0,180.69
1500.0,0.361,1.43,1.5,0,37.2,203.38
1500.0,0.367,1.49,1.3,0,37.2,204.0
1500.0,0.357,1.36,2.2,0,37.2,195.14
1500.0,0.364,1.43,2.2,0,37.2,219.81
1200.0,0.369,1.85,223.18,1,100.0,140.58
900.0,0.373,0.96,62.3,0,20.0,89.74
1100.0,0.371,0.98,12.7,0,20.0,109.78
750.0,0.374,0.97,1641.0,0,100.0,0.0
1200.0,0.373,0.95,42.6,1,50.0,91.9
1200.0,0.383,0.96,83.2,1,50.0,126.1
1200.0,0.384,0.99,60.7,1,50.0,100.9
1100.0,0.3772,1.34,10.9,0,25.0,89.9622
1100.0,0.3994,1.36,42.0,0,25.0,137.9646
1100.0,0.4022,1.37,57.0,0,25.0,125.5056
800.0,0.36,0.7,40.0,0,100.0,0.0
1200.0,0.377,1.56,1.85,0,20.0,171.62
1400.0,0.375,1.46,1.77,0,20.0,214.19
1600.0,0.372,1.35,1.89,0,20.0,200.0
1200.0,0.381,1.42,1.0,0,20.0,184.17
1400.0,0.38,1.35,1.0,0,20.0,230.37
1600.0,0.363,1.01,2.66,0,20.0,218.74
600.0,0.368,1.1,7.5,0,50.0,0.0
1400.0,0.363,1.2,13.38,0,100.0,162.88
1300.0,0.352,1.6,9.9,1,100.0,122.76
1300.0,0.377,1.96,3.6,1,100.0,150.86
1300.0,0.376,2.18,9.0,1,100.0,145.64
1300.0,0.382,2.19,6.4,1,100.0,145.87
1200.0,0.39,1.09,95.7,0,30.0,98.25
1300.0,0.373,1.243,3.67,0,30.0,175.41
1500.0,0.368,1.232,1.6,0,30.0,150.81
900.0,0.4052,1.866,821.88,0,50.0,0.0
1300.0,0.375,1.29,4.9,0,25.0,237.02
1300.0,0.37,1.21,7.7,0,25.0,236.9
1300.0,0.364,1.18,10.6,0,25.0,207.18
1300.0,0.358,1.13,14.4,0,25.0,211.05
1200.0,0.39,1.08,33.86,1,20.0,122.84
1400.0,0.387,1.98,5.68,0,30.0,244.49
1400.0,0.397,2.13,6.87,0,30.0,237.0
1400.0,0.399,2.25,2.32,0,30.0,260.63
1400.0,0.401,2.3,4.62,0,30.0,260.0
1400.0,0.355,1.35,4.08,0,20.0,165.38
1400.0,0.36,0.77,18.87,0,20.0,222.67
1400.0,0.358,1.03,8.86,0,20.0,210.21
700.0,0.358,1.06,347.88,0,100.0,0.0
800.0,0.352,1.01,435.13,0,100.0,0.0
1200.0,0.385,1.01,49.0,0,50.0,200.0
1200.0,0.379,0.99,70.0,0,50.0,187.7
900.0,0.397,2.99,763.82,1,20.0,0.0
1200.0,0.376,2.95,8.4,0,30.0,108.74
1200.0,0.38,3.36,21.06,0,30.0,167.96
1200.0,0.385,3.32,21.19,0,30.0,123.3
1300.0,0.354,1.155,67.858,0,20.0,163.02
1300.0,0.356,1.081,97.343,0,20.0,180.12
800.0,0.374,1.56,678.0,0,50.0,0.0
900.0,0.368,1.33,103.3,1,20.0,0.0
800.0,0.371,2.86,50.94,0,100.0,0.0
1000.0,0.372,3.38,20.6,0,20.0,69.37
1200.0,0.367,2.61,415.8,0,20.0,80.0
1100.0,0.389,2.064,338.0,0,20.0,125.79
1100.0,0.385,2.194,328.0,0,20.0,139.37
1000.0,0.377,1.851851852,93.25,0,20.0,115.43
1200.0,0.376,1.694915254,54.04,0,20.0,147.29
1400.0,0.371,1.449275362,17.34,0,20.0,203.21
1600.0,0.37,1.204819277,11.99,0,20.0,201.4
1300.0,0.38,1.17,285.8,0,25.0,176.47
1300.0,0.372,1.05,6.9,0,25.0,150.33
1300.0,0.378,1.03,2.9,0,25.0,138.56
1100.0,0.39,1.07,122.5,0,100.0,0.0
1200.0,0.392,1.22,158.0,0,33.0,163.38
700.0,0.351,1.62,5.75,0,30.0,0.0
1100.0,0.38,1.51,316.0,0,100.0,112.57
1100.0,0.37,1.34,296.0,0,100.0,72.79
1000.0,0.386,2.22,74.7,0,100.0,67.64
800.0,0.38,1.03,188.0,0,100.0,0.0
800.0,0.41,1.1,478.0,0,100.0,0.0
1050.0,0.366,1.11,154.0,1,50.0,0.0
1050.0,0.365,1.14,162.0,1,50.0,0.0
900.0,0.373,2.64,3.297,0,30.0,76.5
1100.0,0.374,2.19,9.521,0,30.0,180.9
1300.0,0.37,1.98,24.017,0,30.0,174.87
1500.0,0.366,1.58,11.577,0,30.0,200.5
1700.0,0.363,1.45,9.609,0,30.0,214.07
1900.0,0.358,1.31,11.254,0,30.0,212.56
800.0,0.359,1.74,5.0,0,20.0,0.0
1200.0,0.39,1.63,10.055,0,30.0,98.77
1400.0,0.38,1.71,9.162,0,30.0,120.9
1300.0,0.3978,2.3253,563.52,0,25.0,135.22
1500.0,0.3891,2.0068,450.23,0,25.0,124.91
700.0,0.3786,2.13,307.2,0,20.0,0.0
700.0,0.3941,2.7,602.1,0,20.0,0.0
1100.0,0.373,2.285,35.741,0,25.0,93.01
1100.0,0.374,2.296,47.019,0,25.0,113.15
1100.0,0.379,2.827,88.864,0,25.0,146.34
1100.0,0.38,2.553,355.024,0,25.0,129.58
1200.0,0.4028,1.28,11.33,0,50.0,120.69
1200.0,0.3812,1.33,12.73,0,50.0,90.64
1300.0,0.375,1.077,6.78,0,25.0,241.11
1300.0,0.366,1.024,5.34,0,25.0,193.75
1300.0,0.356,1.002,4.74,0,25.0,172.22
1000.0,0.38,3.05,56.0,0,20.0,73.46
1200.0,0.379,2.96,31.0,0,20.0,108.46
1400.0,0.374,2.43,11.0,0,20.0,125.77
1600.0,0.369,2.16,5.0,0,20.0,138.08
1300.0,0.374,1.59,20.74,0,50.0,116.91
1000.0,0.374,1.54,11.8,0,25.0,80.0
1300.0,0.368,1.41,12.6,0,25.0,182.9
1600.0,0.361,0.78,11.2,0,25.0,202.8
1000.0,0.375,1.79,13.2,0,25.0,93.0
1300.0,0.37,1.14,16.3,0,25.0,190.8
1600.0,0.361,0.78,14.6,0,25.0,210.6
1100.0,0.385,1.051,32.7,0,100.0,91.15
1100.0,0.389,1.047,8.8,0,100.0,98.65
1100.0,0.378,1.084,16.3,0,100.0,105.44
1100.0,0.387,1.05,9.4,0,100.0,149.32
1200.0,0.394,1.16,38.3,0,100.0,175.0
1000.0,0.375,1.15,11.0,0,30.0,88.38
1300.0,0.368,1.32,4.0,0,30.0,134.97
1300.0,0.408,1.016,25.58,0,100.0,144.4
1300.0,0.383,1.9,103.0,0,25.0,179.75
600.0,0.362,0.42,8.67,0,100.0,0.0
600.0,0.398,0.75,262.0,0,50.0,0.0
800.0,0.369,0.89,586.0,0,50.0,0.0
1050.0,0.366,1.07,78.0,1,50.0,0.0
1050.0,0.365,1.1,233.0,1,50.0,0.0
1050.0,0.36,1.24,783.0,1,50.0,0.0
750.0,0.381,1.33,8.0,0,30.0,53.23
1050.0,0.374,0.75,2.0,0,30.0,109.01
1300.0,0.41,0.787,4.0,0,20.0,186.44
800.0,0.386,0.99,465.0,1,50.0,0.0
800.0,0.397,2.5,205.54,0,30.0,49.32
1000.0,0.393,2.22,220.92,0,30.0,93.7
1600.0,0.386,1.18,218.0,0,30.0,190.0
800.0,0.391,1.87,76.67,0,50.0,81.0
900.0,0.387,1.82,147.16,0,50.0,81.44
1000.0,0.383,1.69,253.46,0,50.0,129.64
1100.0,0.38,1.65,312.63,0,50.0,99.72
1000.0,0.369,1.05,1988.9,0,50.0,0.0
800.0,0.4,0.93,331.4,0,50.0,0.0
1000.0,0.353,1.56,2.74,0,30.0,0.0
1000.0,0.374,1.98,6.15,0,30.0,60.28
1000.0,0.37,2.03,10.95,0,30.0,61.0
800.0,0.36,1.2,1523.0,0,1000.0,0.0
1000.0,0.386,1.2,73.0,0,20.0,66.51
800.0,0.3773,2.49,338.0,0,30.0,61.73
800.0,0.381,2.51,334.0,0,30.0,27.08
1700.0,0.367,0.781,4.7,1,30.0,214.52
1000.0,0.391,2.45,751.6,0,50.0,63.48
1500.0,0.37,1.64,7.39,0,25.0,259.7
1000.0,0.397,1.226,29.098,0,50.0,134.52
1000.0,0.39,1.032,16.545,0,50.0,134.0
790.0,0.36,0.98,743.0,0,50.0,0.0
800.0,0.366,1.13,206.38,0,50.0,0.0
1500.0,0.365,1.07,100.0,0,50.0,94.51
1500.0,0.372,1.09,119.0,0,50.0,69.36
1000.0,0.381,2.97,235.0,1,20.0,74.28
800.0,0.403,2.87,11.67,0,30.0,82.0
1200.0,0.397,2.47,9.23,0,30.0,160.0
1400.0,0.392,2.22,8.57,0,30.0,189.0
1600.0,0.376,1.89,5.54,0,30.0,231.0
800.0,0.397,3.08,31.0,0,50.0,91.09
1000.0,0.388,2.7,20.8,0,50.0,165.95
800.0,0.4,1.8,528.0,0,27.0,0.0
1400.0,0.375,1.11,134.0,0,30.0,66.1
1400.0,0.378,1.08,146.0,0,30.0,81.99
1550.0,0.391,1.24,1.44,0,30.0,278.79
1550.0,0.389,1.245,0.39,0,30.0,238.09
1550.0,0.386,1.243,0.26,0,30.0,212.12
1000.0,0.394,1.26,232.0,0,30.0,40.36
1300.0,0.392,1.34,34.0,0,30.0,164.63
1500.0,0.371,1.67,12.0,0,30.0,173.75
1500.0,0.381,1.62,40.0,0,30.0,181.63
1100.0,0.389,1.05,10.8,0,30.0,93.68
1100.0,0.408,1.11,32.8,0,30.0,81.92
900.0,0.402,2.08,2.7,0,25.0,90.73
1100.0,0.393,1.82,46.1,0,25.0,153.17
900.0,0.392,1.89,27.9,0,25.0,99.19
1100.0,0.388,1.67,56.7,0,25.0,177.82
1300.0,0.382,1.45,13.4,0,25.0,234.68
1500.0,0.372,1.35,12.4,0,25.0,264.31
1200.0,0.391,1.692,638.9,0,50.0,67.84
900.0,0.378,1.64,1886.0,0,100.0,0.0
900.0,0.373,2.58,224.019,0,30.0,91.75
1000.0,0.363,2.48,137.074,0,30.0,108.25
1100.0,0.36,2.46,194.49,0,30.0,118.56
1400.0,0.392,1.83,6.5,0,30.0,219.38
1000.0,0.44,1.02,1.86,0,20.0,135.0
1100.0,0.4012,1.15,78.97,0,50.0,161.56
1100.0,0.3941,1.18,103.83,0,50.0,109.4
1300.0,0.375,1.35,1.8,0,20.0,181.8
900.0,0.403,1.852,325.27,0,25.0,39.53
1100.0,0.398,1.64,82.01,0,25.0,125.78
1300.0,0.391,1.52,36.2,0,25.0,206.18
1500.0,0.375,1.39,23.87,0,25.0,194.82
1000.0,0.386,2.15,15.6,0,25.0,133.0
1200.0,0.384,2.02,35.1,0,25.0,171.0
1300.0,0.376,1.73,26.7,0,25.0,196.0
1400.0,0.371,1.69,34.7,0,25.0,205.0
1000.0,0.385,1.89,103.0,0,25.0,134.0
1200.0,0.383,1.79,66.5,0,25.0,188.0
1300.0,0.379,1.71,38.6,0,25.0,217.0
1400.0,0.376,1.58,33.3,0,25.0,226.0
700.0,0.376,0.92,1006.0,0,100.0,0.0
900.0,0.41,1.07,171.54,0,100.0,53.73
1300.0,0.413,3.226,34.0,0,20.0,196.01
1300.0,0.401,2.5,20.0,0,20.0,215.96
1300.0,0.398,2.38,13.0,0,20.0,210.2
1300.0,0.391,1.923,1.74,0,20.0,225.72
1000.0,0.383,1.12,50.628,0,50.0,93.74
1000.0,0.382,1.09,546.0,0,100.0,0.0
750.0,0.345,0.91,21.8,0,20.0,0.0
600.0,0.361,0.93,44.1,0,20.0,0.0
750.0,0.366,1.05,75.2,0,20.0,0.0
600.0,0.4,1.04,430.0,0,20.0,0.0
800.0,0.43,0.93,586.65,0,50.0,0.0
700.0,0.382,1.65,313.0,1,50.0,0.0
700.0,0.37,1.4,320.0,1,50.0,0.0
700.0,0.37,1.37,379.0,1,50.0,0.0
1100.0,0.395,0.356,234.5,0,20.0,93.03
800.0,0.38458,2.94,9.974,0,50.0,24.53
600.0,0.371,0.85,539.0,0,30.0,0.0
700.0,0.366,0.94,531.0,0,30.0,0.0
800.0,0.363,0.93,508.0,0,30.0,0.0
900.0,0.359,0.92,467.0,0,30.0,0.0
900.0,0.4,1.29,198.46,0,50.0,0.0
700.0,0.38,0.89,1883.0,0,100.0,0.0
900.0,0.399,1.67,6.36,0,25.0,84.35
1500.0,0.368,1.124,3.21,0,25.0,182.43
1600.0,0.362,1.087,1.06,0,25.0,170.24
700.0,0.375,0.976,736.9,0,50.0,0.0
900.0,0.39,1.49,1.0,0,25.0,86.3
1100.0,0.374,1.76,126.6,0,20.0,107.14
1300.0,0.371,1.67,81.5,0,20.0,168.37
1500.0,0.367,1.5,8.9,0,20.0,221.43
1600.0,0.366,1.5,2.4,0,20.0,173.98
1300.0,0.377,1.49,117.0,0,20.0,196.08
1100.0,0.377,1.3,8.5,0,20.0,149.0
1100.0,0.395,1.39,7.3,0,20.0,202.0
1100.0,0.383,1.18,5.2,0,20.0,177.0
1000.0,0.38,1.2,40.0,0,100.0,81.51
700.0,0.374,0.87,1300.0,0,100.0,0.0
800.0,0.417,3.03,557.0,0,30.0,0.0
1400.0,0.381,1.89,40.0,0,30.0,231.69
1600.0,0.375,1.67,4.0,0,30.0,240.0
1300.0,0.3755,1.05,33.1,0,10.0,119.89
1500.0,0.3677,1.11,16.9,0,10.0,177.4
800.0,0.39,1.89,1430.0,0,100.0,0.0
800.0,0.39,1.94,1580.0,0,100.0,0.0
800.0,0.3356,0.9434,664.0,0,100.0,0.0
700.0,0.395,0.98,677.7,0,100.0,0.0
700.0,0.36,0.98,94.1,0,30.0,0.0
700.0,0.375,0.934,488.0,0,50.0,0.0
1100.0,0.4,1.01,46.4,0,200.0,100.0
1100.0,0.375,2.09,24.8,0,40.0,110.66
1400.0,0.372,1.84,8.0,0,40.0,178.125
1600.0,0.371,1.44,5.0,0,40.0,176.95
1250.0,0.367,0.97,14.6,0,20.0,125.0
900.0,0.401,0.89,294.45,0,100.0,0.0
1000.0,0.371,1.19,5.46,1,50.0,72.73
1200.0,0.394,1.09,7.07,1,50.0,142.98
1400.0,0.373,0.96,6.84,1,50.0,142.0
1100.0,0.393,1.02,2.13,0,15.0,205.9
1500.0,0.37,1.834,8.34,0,20.0,256.8
1500.0,0.38,1.908,2.83,0,20.0,285.8
1300.0,0.384,2.41,1656.7,0,30.0,0.0
1300.0,0.382,1.46,5.8,0,30.0,208.0
1300.0,0.381,1.62,9.4,1,30.0,133.73
1300.0,0.392,1.67,56.6,1,30.0,201.81
950.0,0.369,2.15,407.0,0,50.0,15.0
950.0,0.365,2.53,19.0,0,50.0,84.12
1400.0,0.37,0.87,280.0,0,20.0,185.43
1400.0,0.38,1.04,0.7,0,20.0,168.42
800.0,0.38,2.67,7.0,1,20.0,0.0
800.0,0.362,2.53,2.0,1,20.0,0.0
800.0,0.383,2.79,445.0,1,20.0,0.0
1600.0,0.346,1.6,13.28,1,100.0,200.0
1600.0,0.346,1.71,15.95,1,100.0,223.7
1200.0,0.375,1.032,120.6,1,30.0,109.04
1200.0,0.387,0.967,18.2,1,30.0,152.0
1200.0,0.399,1.013,22.1,1,30.0,109.33
1300.0,0.38,1.2,2.78,1,20.0,184.91
1300.0,0.37,1.26,19.97,1,20.0,206.58
1300.0,0.37,1.27,4.01,1,20.0,194.97
1300.0,0.37,1.24,3.43,1,20.0,178.72
1400.0,0.379,1.23,2.8,1,30.0,140.77
1400.0,0.382,1.32,4.1,1,30.0,195.58
1000.0,0.3751,2.21,2095.5475,1,100.0,0.0
900.0,0.393,2.26,2788.2295,1,100.0,0.0
1300.0,0.379,1.79,10.79,1,20.0,199.42
1300.0,0.371,1.57,7.34,1,20.0,225.15
1300.0,0.366,1.33,3.51,1,20.0,99.42
1300.0,0.394,1.97,380.14,0,20.0,198.26
1300.0,0.39,2.16,132.09,0,20.0,215.7
1300.0,0.382,2.31,44.61,0,20.0,155.23
1300.0,0.382,1.23,1.07,0,15.0,225.89
1300.0,0.366,1.2,1.01,0,15.0,128.27
1300.0,0.38,1.34,7.32,1,30.0,191.85
1300.0,0.386,1.57,10.54,1,30.0,260.0
1300.0,0.392,1.6,430.46,1,30.0,46.99
1200.0,0.369,1.67,12.08,0,30.0,122.69
1400.0,0.376,1.06,5.6,0,30.0,174.03
1600.0,0.36,1.02,11.6,0,30.0,153.31
1400.0,0.385,1.08,16.5,0,30.0,165.75
1400.0,0.361,1.01,18.5,0,30.0,150.0
800.0,0.387327,1.965518,114.27,1,25.0,70.84
900.0,0.386307,1.748638,89.59,1,25.0,70.84
1200.0,0.379977,1.337509,227.57,1,25.0,139.51
1300.0,0.367165,1.268606,287.21,1,25.0,98.09
